{
  "runs_count": 3,
  "throughput": {
    "avg_rps": 4723.308142844464,
    "min_rps": 3780.4132488868663,
    "max_rps": 6300.850788129711
  },
  "latency": {
    "avg_p50_ms": 18879.403583666666,
    "avg_p99_ms": 31433.120514
  }
}
