{
  "summary": {
    "successRate": 1.0,
    "total": 60.002808792,
    "slowest": 37.483404792,
    "fastest": 0.033776083,
    "average": 16.787800878610966,
    "requestsPerSec": 3754.140923316795,
    "totalData": 3008799717,
    "sizePerRequest": 13363,
    "sizePerSec": 50144314.534174845
  },
  "responseTimeHistogram": {
    "0.033776083": 1,
    "11.2686646957": 19981,
    "15.0136275666": 20174,
    "18.7585904375": 18230,
    "22.5035533084": 17403,
    "26.2485161793": 18599,
    "29.9934790502": 20770,
    "3.7787389539": 21048,
    "33.7384419211": 20451,
    "37.483404792": 19278,
    "7.523701824800001": 49224
  },
  "latencyPercentiles": {
    "p10": 3.844773792,
    "p25": 5.14689975,
    "p50": 15.398123375,
    "p75": 27.012458875,
    "p90": 33.153173333,
    "p95": 35.232639333,
    "p99": 37.017306125,
    "p99.9": 37.440949833,
    "p99.99": 37.479501333
  },
  "rps": {
    "mean": 3792.130561447741,
    "stddev": 1614.1484739640703,
    "max": 14398.374217859855,
    "min": 25.616777062594366,
    "percentiles": {
      "p10": 2035.4053402606953,
      "p25": 2604.3080463701317,
      "p50": 3474.4673554669407,
      "p75": 4755.891692641271,
      "p90": 5841.730141140355,
      "p95": 6817.955586019115,
      "p99": 8743.608748634173,
      "p99.9": 10598.609462438388,
      "p99.99": 14398.374217859855
    }
  },
  "details": {
    "DNSDialup": {
      "average": 0.00019174787999999999,
      "fastest": 0.00011375,
      "slowest": 0.000317167
    },
    "DNSLookup": {
      "average": 4.170799999999998e-6,
      "fastest": 7.08e-7,
      "slowest": 0.000031083
    }
  },
  "statusCodeDistribution": {
    "200": 225159
  },
  "errorDistribution": {
    "aborted due to deadline": 100
  }
}