{
  "summary": {
    "successRate": 1.0,
    "total": 1.006416584,
    "slowest": 0.32429125,
    "fastest": 0.004820333,
    "average": 0.18029472860553852,
    "requestsPerSec": 6745.715549536295,
    "totalData": 90721407,
    "sizePerRequest": 13363,
    "sizePerSec": 90142996.88845351
  },
  "responseTimeHistogram": {
    "0.004820333": 1,
    "0.0367674247": 122,
    "0.0687145164": 699,
    "0.1006616081": 729,
    "0.1326086998": 714,
    "0.1645557915": 726,
    "0.1965028832": 726,
    "0.22844997490000002": 695,
    "0.2603970666": 859,
    "0.2923441583": 798,
    "0.32429125": 720
  },
  "latencyPercentiles": {
    "p10": 0.061583958,
    "p25": 0.107166042,
    "p50": 0.184870916,
    "p75": 0.254974416,
    "p90": 0.293468334,
    "p95": 0.307742458,
    "p99": 0.321576667,
    "p99.9": 0.323996083,
    "p99.99": 0.32429125
  },
  "rps": {
    "mean": 6776.923649821334,
    "stddev": 1717.183225326388,
    "max": 9923.558068845008,
    "min": 73.7388354794407,
    "percentiles": {
      "p10": 5021.677073422845,
      "p25": 6183.893533966346,
      "p50": 6945.719970179742,
      "p75": 7624.464850309363,
      "p90": 8680.643308191007,
      "p95": 9213.244038305065,
      "p99": 9688.95988681513,
      "p99.9": 9923.558068845008,
      "p99.99": 9923.558068845008
    }
  },
  "details": {
    "DNSDialup": {
      "average": 0.00031541996,
      "fastest": 0.000086834,
      "slowest": 0.004151833
    },
    "DNSLookup": {
      "average": 0.000010380380000000009,
      "fastest": 8.33e-7,
      "slowest": 0.000086417
    }
  },
  "statusCodeDistribution": {
    "200": 6789
  },
  "errorDistribution": {}
}