{
  "summary": {
    "successRate": 0.9845328118209474,
    "total": 60.002689875,
    "slowest": 36.992050542,
    "fastest": 0.008226167,
    "average": 16.37286477675467,
    "requestsPerSec": 3836.4113422173473,
    "totalData": 3022055813,
    "sizePerRequest": 13339,
    "sizePerSec": 50365338.94223188
  },
  "responseTimeHistogram": {
    "0.008226167": 1,
    "11.1033734795": 19994,
    "14.801755917000001": 19827,
    "18.500138354500002": 20120,
    "22.198520792": 18802,
    "25.8969032295": 16363,
    "29.595285667000002": 20320,
    "3.7066086045000004": 40665,
    "33.2936681045": 20024,
    "36.992050542": 20245,
    "7.404991042000001": 30180
  },
  "latencyPercentiles": {
    "p10": 2.512636125,
    "p25": 4.83613975,
    "p50": 15.279547875,
    "p75": 26.59292675,
    "p90": 32.84667175,
    "p95": 34.934972125,
    "p99": 36.585211625,
    "p99.9": 36.944836833,
    "p99.99": 36.983899542
  },
  "rps": {
    "mean": 3930.799316665519,
    "stddev": 1493.593146954891,
    "max": 11179.484664983216,
    "min": 0.7711048505965076,
    "percentiles": {
      "p10": 2205.5321362571594,
      "p25": 2743.5468485872484,
      "p50": 3753.899997727419,
      "p75": 5044.533774730169,
      "p90": 6015.652728399508,
      "p95": 6466.761046185511,
      "p99": 7346.470571875956,
      "p99.9": 8216.481462989805,
      "p99.99": 11179.484664983216
    }
  },
  "details": {
    "DNSDialup": {
      "average": 0.0002918129285714287,
      "fastest": 0.000043292,
      "slowest": 0.001051167
    },
    "DNSLookup": {
      "average": 4.369040816326528e-6,
      "fastest": 7.08e-7,
      "slowest": 0.000150083
    }
  },
  "statusCodeDistribution": {
    "200": 226151,
    "502": 390
  },
  "errorDistribution": {
    "aborted due to deadline": 95,
    "connection closed before message completed": 100,
    "connection error": 3459
  }
}