{
  "summary": {
    "successRate": 1.0,
    "total": 60.000872375,
    "slowest": 0.039726333,
    "fastest": 0.000218083,
    "average": 0.0012783053384011552,
    "requestsPerSec": 9999.8046070076,
    "totalData": 8017693096,
    "sizePerRequest": 13363,
    "sizePerSec": 133626275.39630002
  },
  "responseTimeHistogram": {
    "0.000218083": 1,
    "0.004168908": 588317,
    "0.008119733": 5670,
    "0.012070557999999999": 2605,
    "0.016021383": 1067,
    "0.019972207999999998": 438,
    "0.023923033": 896,
    "0.027873858": 677,
    "0.031824683": 254,
    "0.035775508": 43,
    "0.039726332999999996": 24
  },
  "latencyPercentiles": {
    "p10": 0.000625917,
    "p25": 0.000786083,
    "p50": 0.000996791,
    "p75": 0.0013245,
    "p90": 0.001686666,
    "p95": 0.002100833,
    "p99": 0.008124541,
    "p99.9": 0.025576084,
    "p99.99": 0.032015083
  },
  "rps": {
    "mean": 10015.479442516842,
    "stddev": 942.1950986582937,
    "max": 16729.066753484174,
    "min": 90.26390910424618,
    "percentiles": {
      "p10": 8809.37491503407,
      "p25": 9479.350696744305,
      "p50": 10014.918472931518,
      "p75": 10544.67507222869,
      "p90": 11233.15898998438,
      "p95": 11562.411357099727,
      "p99": 12014.329016258753,
      "p99.9": 13937.16484377535,
      "p99.99": 16729.066753484174
    }
  },
  "details": {
    "DNSDialup": {
      "average": 0.00021973999999999998,
      "fastest": 0.000137542,
      "slowest": 0.000329458
    },
    "DNSLookup": {
      "average": 4.213820000000001e-6,
      "fastest": 7.5e-7,
      "slowest": 0.000050042
    }
  },
  "statusCodeDistribution": {
    "200": 599992
  },
  "errorDistribution": {
    "aborted due to deadline": 5
  }
}