{
  "summary": {
    "successRate": 1.0,
    "total": 60.00135175,
    "slowest": 0.044246917,
    "fastest": 0.0002255,
    "average": 0.0013971125243220505,
    "requestsPerSec": 9999.791379700042,
    "totalData": 8017666370,
    "sizePerRequest": 13363,
    "sizePerSec": 133624762.37879092
  },
  "responseTimeHistogram": {
    "0.0002255": 1,
    "0.004627641699999999": 586436,
    "0.009029783399999998": 6643,
    "0.013431925099999997": 2607,
    "0.017834066799999996": 1385,
    "0.022236208499999997": 874,
    "0.026638350199999994": 622,
    "0.03104049189999999": 1050,
    "0.035442633599999995": 350,
    "0.039844775299999996": 18,
    "0.044246917": 4
  },
  "latencyPercentiles": {
    "p10": 0.000646916,
    "p25": 0.000812292,
    "p50": 0.001041708,
    "p75": 0.001393666,
    "p90": 0.001804625,
    "p95": 0.002359125,
    "p99": 0.010146209,
    "p99.9": 0.0298525,
    "p99.99": 0.033012042
  },
  "rps": {
    "mean": 10012.593109609455,
    "stddev": 969.7028576742996,
    "max": 19797.57535313091,
    "min": 251.56046098454473,
    "percentiles": {
      "p10": 8838.188042895259,
      "p25": 9516.8924841592,
      "p50": 10013.768932284696,
      "p75": 10511.080781359995,
      "p90": 11165.597887592818,
      "p95": 11569.5090846951,
      "p99": 12385.907621394783,
      "p99.9": 14764.718189241008,
      "p99.99": 19797.57535313091
    }
  },
  "details": {
    "DNSDialup": {
      "average": 0.0002955937099999999,
      "fastest": 0.000159916,
      "slowest": 0.00049975
    },
    "DNSLookup": {
      "average": 8.519100000000008e-6,
      "fastest": 7.08e-7,
      "slowest": 0.000131042
    }
  },
  "statusCodeDistribution": {
    "200": 599990
  },
  "errorDistribution": {
    "aborted due to deadline": 11
  }
}