{
  "summary": {
    "successRate": 1.0,
    "total": 60.000843958,
    "slowest": 0.085431459,
    "fastest": 0.000215542,
    "average": 0.0016794205112000736,
    "requestsPerSec": 9999.826009447346,
    "totalData": 8017693096,
    "sizePerRequest": 13363,
    "sizePerSec": 133626338.68304096
  },
  "responseTimeHistogram": {
    "0.000215542": 1,
    "0.0087371337": 591373,
    "0.0172587254": 2502,
    "0.025780317100000002": 601,
    "0.0343019088": 738,
    "0.0428235005": 715,
    "0.051345092200000005": 788,
    "0.05986668390000001": 1563,
    "0.0683882756": 1558,
    "0.0769098673": 110,
    "0.085431459": 43
  },
  "latencyPercentiles": {
    "p10": 0.000640625,
    "p25": 0.000794,
    "p50": 0.001006834,
    "p75": 0.001341833,
    "p90": 0.001735542,
    "p95": 0.002272875,
    "p99": 0.018810541,
    "p99.9": 0.065552125,
    "p99.99": 0.071245834
  },
  "rps": {
    "mean": 10011.615943155584,
    "stddev": 950.036560044497,
    "max": 18209.02654644685,
    "min": 454.2550926254525,
    "percentiles": {
      "p10": 8722.27844360194,
      "p25": 9567.449031065744,
      "p50": 10038.648797872522,
      "p75": 10516.214688521753,
      "p90": 11080.658328101277,
      "p95": 11459.559011611354,
      "p99": 12258.657676983978,
      "p99.9": 14821.443492606708,
      "p99.99": 18209.02654644685
    }
  },
  "details": {
    "DNSDialup": {
      "average": 0.0003253020699999999,
      "fastest": 0.000149667,
      "slowest": 0.00056775
    },
    "DNSLookup": {
      "average": 5.9407999999999966e-6,
      "fastest": 7.92e-7,
      "slowest": 0.000062792
    }
  },
  "statusCodeDistribution": {
    "200": 599992
  },
  "errorDistribution": {
    "aborted due to deadline": 6
  }
}