{
  "runs_count": 3,
  "throughput": {
    "avg_rps": 9999.807332051663,
    "min_rps": 9999.791379700042,
    "max_rps": 9999.826009447346
  },
  "latency": {
    "avg_p50_ms": 1.0151109999999999,
    "avg_p99_ms": 12.360430333333333
  }
}
