{
  "summary": {
    "successRate": 1.0,
    "total": 60.001721291,
    "slowest": 0.033661583,
    "fastest": 0.00024225,
    "average": 0.0010944864895833669,
    "requestsPerSec": 9999.76312496218,
    "totalData": 8017800000,
    "sizePerRequest": 13363,
    "sizePerSec": 133626166.50803708
  },
  "responseTimeHistogram": {
    "0.00024225": 1,
    "0.0035841833": 597189,
    "0.006926116600000001": 1199,
    "0.0102680499": 324,
    "0.0136099832": 337,
    "0.0169519165": 278,
    "0.0202938498": 294,
    "0.023635783100000002": 238,
    "0.0269777164": 92,
    "0.0303196497": 37,
    "0.033661583": 11
  },
  "latencyPercentiles": {
    "p10": 0.000654792,
    "p25": 0.00079225,
    "p50": 0.000973125,
    "p75": 0.001260875,
    "p90": 0.001541625,
    "p95": 0.00171375,
    "p99": 0.002438333,
    "p99.9": 0.0176245,
    "p99.99": 0.026139166
  },
  "rps": {
    "mean": 10019.421254129233,
    "stddev": 1019.7512341665936,
    "max": 20113.240546257846,
    "min": 78.07137472448615,
    "percentiles": {
      "p10": 8576.726537938797,
      "p25": 9435.382685068707,
      "p50": 10027.502906044527,
      "p75": 10611.301610987392,
      "p90": 11331.029650668475,
      "p95": 11668.503450053875,
      "p99": 12003.444988712046,
      "p99.9": 15773.943954602599,
      "p99.99": 20113.240546257846
    }
  },
  "details": {
    "DNSDialup": {
      "average": 0.00025543586000000007,
      "fastest": 0.000154667,
      "slowest": 0.000440542
    },
    "DNSLookup": {
      "average": 6.351620000000005e-6,
      "fastest": 7.91e-7,
      "slowest": 0.000102542
    }
  },
  "statusCodeDistribution": {
    "200": 600000
  },
  "errorDistribution": {
    "aborted due to deadline": 3
  }
}