{
  "summary": {
    "successRate": 1.0,
    "total": 60.000915917,
    "slowest": 0.290428042,
    "fastest": 0.000242875,
    "average": 0.0032879764883706215,
    "requestsPerSec": 9999.630686137682,
    "totalData": 8017626281,
    "sizePerRequest": 13363,
    "sizePerSec": 133625064.85885783
  },
  "responseTimeHistogram": {
    "0.000242875": 1,
    "0.029261391700000004": 586475,
    "0.058279908400000004": 1303,
    "0.08729842510000002": 2388,
    "0.11631694180000002": 5936,
    "0.14533545850000001": 2564,
    "0.17435397520000004": 617,
    "0.20337249190000004": 656,
    "0.23239100860000003": 22,
    "0.2614095253": 7,
    "0.290428042": 18
  },
  "latencyPercentiles": {
    "p10": 0.000591291,
    "p25": 0.000728333,
    "p50": 0.00090725,
    "p75": 0.001174333,
    "p90": 0.001427667,
    "p95": 0.001590917,
    "p99": 0.102881875,
    "p99.9": 0.178787416,
    "p99.99": 0.202144709
  },
  "rps": {
    "mean": 10075.342355477798,
    "stddev": 1741.0019449914366,
    "max": 93779.57253564433,
    "min": 11.25098270302048,
    "percentiles": {
      "p10": 8622.922314388832,
      "p25": 9222.622139441803,
      "p50": 9975.798712325492,
      "p75": 10904.507818003998,
      "p90": 11524.056467876931,
      "p95": 11744.85133707377,
      "p99": 12815.591448556419,
      "p99.9": 19272.00262341317,
      "p99.99": 93779.57253564433
    }
  },
  "details": {
    "DNSDialup": {
      "average": 0.00024109459999999998,
      "fastest": 0.000100625,
      "slowest": 0.00042475
    },
    "DNSLookup": {
      "average": 6.111240000000001e-6,
      "fastest": 7.5e-7,
      "slowest": 0.000084375
    }
  },
  "statusCodeDistribution": {
    "200": 599987
  },
  "errorDistribution": {}
}