{
  "summary": {
    "successRate": 1.0,
    "total": 60.002091625,
    "slowest": 0.020014,
    "fastest": 0.000239292,
    "average": 0.0009558762999931608,
    "requestsPerSec": 9999.651407985397,
    "totalData": 8017759911,
    "sizePerRequest": 13363,
    "sizePerSec": 133624673.63820003
  },
  "responseTimeHistogram": {
    "0.000239292": 1,
    "0.0022167628": 597078,
    "0.0041942336000000005": 2549,
    "0.0061717044": 157,
    "0.0081491752": 79,
    "0.010126646000000001": 65,
    "0.0121041168": 8,
    "0.0140815876": 7,
    "0.0160590584": 9,
    "0.018036529199999998": 23,
    "0.020014": 21
  },
  "latencyPercentiles": {
    "p10": 0.000580208,
    "p25": 0.00072925,
    "p50": 0.000901375,
    "p75": 0.001146041,
    "p90": 0.00138525,
    "p95": 0.001495292,
    "p99": 0.001847,
    "p99.9": 0.003562625,
    "p99.99": 0.012340917
  },
  "rps": {
    "mean": 10025.222199918962,
    "stddev": 1047.5243614587393,
    "max": 20303.301241587822,
    "min": 1821.3784293140739,
    "percentiles": {
      "p10": 8616.1552911686,
      "p25": 9203.87298975429,
      "p50": 10009.01519075372,
      "p75": 10845.460918532204,
      "p90": 11457.910571617787,
      "p95": 11663.106786800685,
      "p99": 11934.410485753835,
      "p99.9": 12546.295031231617,
      "p99.99": 20303.301241587822
    }
  },
  "details": {
    "DNSDialup": {
      "average": 0.0002762462,
      "fastest": 0.000094041,
      "slowest": 0.000489625
    },
    "DNSLookup": {
      "average": 6.66624e-6,
      "fastest": 7.5e-7,
      "slowest": 0.000074042
    }
  },
  "statusCodeDistribution": {
    "200": 599997
  },
  "errorDistribution": {
    "aborted due to deadline": 3
  }
}