{
  "runs_count": 3,
  "throughput": {
    "avg_rps": 9999.633141556778,
    "min_rps": 9999.431388378956,
    "max_rps": 9999.799188855057
  },
  "latency": {
    "avg_p50_ms": 0.9809856666666666,
    "avg_p99_ms": 3.597417
  }
}
