{
  "runs_count": 3,
  "throughput": {
    "avg_rps": 4778.755938356812,
    "min_rps": 3754.140923316795,
    "max_rps": 6745.715549536295
  },
  "latency": {
    "avg_p50_ms": 10287.514055333333,
    "avg_p99_ms": 24641.36480566666
  }
}
