{
  "summary": {
    "successRate": 1.0,
    "total": 60.002537875,
    "slowest": 35.47933725,
    "fastest": 0.019761125,
    "average": 21.815624623804997,
    "requestsPerSec": 4088.6603915168143,
    "totalData": 3277035216,
    "sizePerRequest": 13363,
    "sizePerSec": 54614943.50167101
  },
  "responseTimeHistogram": {
    "0.019761125": 1,
    "10.657633962499999": 19023,
    "14.203591574999999": 16657,
    "17.749549187499998": 15818,
    "21.295506799999995": 18598,
    "24.841464412499995": 19734,
    "28.387422024999996": 19322,
    "3.5657187374999997": 19161,
    "31.933379637499996": 18439,
    "35.47933725": 79618,
    "7.111676349999999": 18861
  },
  "latencyPercentiles": {
    "p10": 4.5540935000000005,
    "p25": 11.49102225,
    "p50": 23.915878709,
    "p75": 33.071007166,
    "p90": 34.538114625,
    "p95": 35.000787959,
    "p99": 35.378954583,
    "p99.9": 35.468377458,
    "p99.99": 35.477947625
  },
  "rps": {
    "mean": 4100.897645764129,
    "stddev": 1862.4656464057389,
    "max": 11243.367273771428,
    "min": 44.471785698291754,
    "percentiles": {
      "p10": 2104.489507466571,
      "p25": 2684.1329812840327,
      "p50": 3710.2808171159945,
      "p75": 5162.431008293808,
      "p90": 6905.241161380863,
      "p95": 7729.720573961121,
      "p99": 9358.218979847163,
      "p99.9": 10424.6900508567,
      "p99.99": 11243.367273771428
    }
  },
  "details": {
    "DNSDialup": {
      "average": 0.00022304001000000002,
      "fastest": 0.000080041,
      "slowest": 0.000322667
    },
    "DNSLookup": {
      "average": 5.525839999999999e-6,
      "fastest": 8.33e-7,
      "slowest": 0.000047917
    }
  },
  "statusCodeDistribution": {
    "200": 245232
  },
  "errorDistribution": {
    "aborted due to deadline": 98
  }
}