{
  "summary": {
    "successRate": 1.0,
    "total": 60.001738291,
    "slowest": 22.2048325,
    "fastest": 0.008737125,
    "average": 11.0252735789954,
    "requestsPerSec": 6300.850788129711,
    "totalData": 5050732932,
    "sizePerRequest": 13363,
    "sizePerSec": 84176443.48076475
  },
  "responseTimeHistogram": {
    "0.008737125": 1,
    "11.106784812499999": 31847,
    "13.326394349999998": 31351,
    "15.546003887499998": 30255,
    "17.765613424999998": 29971,
    "19.985222962499996": 41077,
    "2.2283466625": 51822,
    "22.2048325": 52086,
    "4.447956199999999": 36001,
    "6.667565737499999": 40678,
    "8.887175274999999": 32875
  },
  "latencyPercentiles": {
    "p10": 1.583960834,
    "p25": 4.773179875,
    "p50": 10.817577667,
    "p75": 17.676080167,
    "p90": 20.512200375,
    "p95": 21.275639709,
    "p99": 22.003101084,
    "p99.9": 22.187118875,
    "p99.99": 22.203054333
  },
  "rps": {
    "mean": 6331.319278253869,
    "stddev": 1524.2113370723905,
    "max": 27129.679869776963,
    "min": 13.069966195316756,
    "percentiles": {
      "p10": 4342.045327519564,
      "p25": 5414.325221672944,
      "p50": 6401.625809728862,
      "p75": 7308.198841470695,
      "p90": 8134.606241872252,
      "p95": 8719.77804201154,
      "p99": 9835.851154276135,
      "p99.9": 10855.311959192346,
      "p99.99": 27129.679869776963
    }
  },
  "details": {
    "DNSDialup": {
      "average": 0.0002685495500000001,
      "fastest": 0.000131167,
      "slowest": 0.000368458
    },
    "DNSLookup": {
      "average": 5.974610000000001e-6,
      "fastest": 7.91e-7,
      "slowest": 0.000071958
    }
  },
  "statusCodeDistribution": {
    "200": 377964
  },
  "errorDistribution": {
    "aborted due to deadline": 98
  }
}