{
  "summary": {
    "successRate": 1.0,
    "total": 60.002699458,
    "slowest": 37.327865917,
    "fastest": 0.021513667,
    "average": 20.597078154673166,
    "requestsPerSec": 3780.4132488868663,
    "totalData": 3029886531,
    "sizePerRequest": 13363,
    "sizePerSec": 50495836.99348102
  },
  "responseTimeHistogram": {
    "0.021513667": 1,
    "11.213419341999998": 20051,
    "14.944054566999998": 20267,
    "18.674689792": 16954,
    "22.405325016999996": 18908,
    "26.135960241999996": 20049,
    "29.866595466999996": 20259,
    "3.7521488919999992": 19775,
    "33.597230692": 49483,
    "37.327865917": 20752,
    "7.482784116999999": 20238
  },
  "latencyPercentiles": {
    "p10": 4.276100875,
    "p25": 10.58790875,
    "p50": 21.904754375,
    "p75": 32.18455,
    "p90": 33.500973542,
    "p95": 35.299006,
    "p99": 36.917305875,
    "p99.9": 37.28649575,
    "p99.99": 37.325429334
  },
  "rps": {
    "mean": 3810.650225801643,
    "stddev": 1572.801527515313,
    "max": 12125.729777461458,
    "min": 41.114828576861605,
    "percentiles": {
      "p10": 2123.029563186455,
      "p25": 2684.325952331814,
      "p50": 3505.068894954761,
      "p75": 4733.021755526399,
      "p90": 5755.027656101979,
      "p95": 6843.575551336271,
      "p99": 8671.185293584589,
      "p99.9": 10214.787282400323,
      "p99.99": 12125.729777461458
    }
  },
  "details": {
    "DNSDialup": {
      "average": 0.00022004585999999994,
      "fastest": 0.00014225,
      "slowest": 0.000409333
    },
    "DNSLookup": {
      "average": 0.000010991699999999998,
      "fastest": 7.08e-7,
      "slowest": 0.000172208
    }
  },
  "statusCodeDistribution": {
    "200": 226737
  },
  "errorDistribution": {
    "aborted due to deadline": 98
  }
}