{
  "summary": {
    "successRate": 1.0,
    "total": 60.001286958,
    "slowest": 0.056173833,
    "fastest": 0.0002385,
    "average": 0.0011542181583124166,
    "requestsPerSec": 9999.668847436324,
    "totalData": 8017679733,
    "sizePerRequest": 13363,
    "sizePerSec": 133625129.38451229
  },
  "responseTimeHistogram": {
    "0.0002385": 1,
    "0.0058320333": 597165,
    "0.0114255666": 1232,
    "0.017019099899999997": 491,
    "0.0226126332": 289,
    "0.0282061665": 205,
    "0.0337996998": 154,
    "0.0393932331": 182,
    "0.0449867664": 237,
    "0.050580299700000005": 25,
    "0.056173833000000006": 10
  },
  "latencyPercentiles": {
    "p10": 0.000684708,
    "p25": 0.000810709,
    "p50": 0.000980666,
    "p75": 0.001256417,
    "p90": 0.001539458,
    "p95": 0.001724125,
    "p99": 0.003375584,
    "p99.9": 0.028409666,
    "p99.99": 0.043656708
  },
  "rps": {
    "mean": 10018.55951751975,
    "stddev": 1086.6403093453564,
    "max": 17984.67725592466,
    "min": 34.35127614990897,
    "percentiles": {
      "p10": 8415.533391535395,
      "p25": 9458.682612799596,
      "p50": 10050.391546503344,
      "p75": 10629.218747999224,
      "p90": 11404.419212444036,
      "p95": 11652.31619192433,
      "p99": 12074.06634766865,
      "p99.9": 16110.818452052175,
      "p99.99": 17984.67725592466
    }
  },
  "details": {
    "DNSDialup": {
      "average": 0.00009781917999999995,
      "fastest": 0.000026666,
      "slowest": 0.000384708
    },
    "DNSLookup": {
      "average": 8.236679999999995e-6,
      "fastest": 7.5e-7,
      "slowest": 0.000151042
    }
  },
  "statusCodeDistribution": {
    "200": 599991
  },
  "errorDistribution": {
    "aborted due to deadline": 2
  }
}