{
  "summary": {
    "successRate": 1.0,
    "total": 60.00141175,
    "slowest": 0.027224083,
    "fastest": 0.00023175,
    "average": 0.0009883202864279217,
    "requestsPerSec": 9999.431388378956,
    "totalData": 8017532740,
    "sizePerRequest": 13363,
    "sizePerSec": 133622401.642908
  },
  "responseTimeHistogram": {
    "0.00023175": 1,
    "0.0029309833000000004": 598028,
    "0.005630216600000001": 1105,
    "0.0083294499": 207,
    "0.0110286832": 181,
    "0.0137279165": 172,
    "0.016427149800000002": 112,
    "0.0191263831": 79,
    "0.0218256164": 24,
    "0.0245248497": 29,
    "0.027224083": 42
  },
  "latencyPercentiles": {
    "p10": 0.000649584,
    "p25": 0.000764625,
    "p50": 0.000912708,
    "p75": 0.001149167,
    "p90": 0.001378916,
    "p95": 0.001480833,
    "p99": 0.001738959,
    "p99.9": 0.009041625,
    "p99.99": 0.022627334
  },
  "rps": {
    "mean": 10026.287998373771,
    "stddev": 1150.1905110444575,
    "max": 19740.056522695846,
    "min": 57.578532512068115,
    "percentiles": {
      "p10": 8514.509575766351,
      "p25": 9005.779008389709,
      "p50": 10042.429263637207,
      "p75": 10946.340236758258,
      "p90": 11518.044167993214,
      "p95": 11701.88022468125,
      "p99": 11943.53963083414,
      "p99.9": 14720.967160118425,
      "p99.99": 19740.056522695846
    }
  },
  "details": {
    "DNSDialup": {
      "average": 0.00033895411000000003,
      "fastest": 0.000176416,
      "slowest": 0.00058475
    },
    "DNSLookup": {
      "average": 8.72462e-6,
      "fastest": 7.08e-7,
      "slowest": 0.000149625
    }
  },
  "statusCodeDistribution": {
    "200": 599980
  },
  "errorDistribution": {}
}