{
  "summary": {
    "successRate": 1.0,
    "total": 60.000404875,
    "slowest": 0.034843708,
    "fastest": 0.000248708,
    "average": 0.001234397249212097,
    "requestsPerSec": 9999.799188855057,
    "totalData": 8017679733,
    "sizePerRequest": 13363,
    "sizePerSec": 133627093.84550633
  },
  "responseTimeHistogram": {
    "0.000248708": 1,
    "0.0037082079999999997": 591651,
    "0.007167708": 3373,
    "0.010627207999999999": 2164,
    "0.014086708": 1444,
    "0.017546208": 719,
    "0.021005707999999998": 269,
    "0.024465208": 143,
    "0.027924708": 104,
    "0.031384208": 74,
    "0.034843708": 49
  },
  "latencyPercentiles": {
    "p10": 0.000756417,
    "p25": 0.000879666,
    "p50": 0.001049583,
    "p75": 0.001285458,
    "p90": 0.001601667,
    "p95": 0.001856417,
    "p99": 0.005677708,
    "p99.9": 0.017837416,
    "p99.99": 0.030593416
  },
  "rps": {
    "mean": 10017.95321336583,
    "stddev": 969.1419905237797,
    "max": 21018.085450354356,
    "min": 30.58895265903952,
    "percentiles": {
      "p10": 9215.743254201272,
      "p25": 9613.659086828704,
      "p50": 10022.382987929368,
      "p75": 10386.238234340592,
      "p90": 10861.43359840434,
      "p95": 11216.403990837263,
      "p99": 12256.225434179116,
      "p99.9": 17693.415212491436,
      "p99.99": 21018.085450354356
    }
  },
  "details": {
    "DNSDialup": {
      "average": 0.00022901754999999995,
      "fastest": 0.000154625,
      "slowest": 0.000381458
    },
    "DNSLookup": {
      "average": 3.0884100000000002e-6,
      "fastest": 7.5e-7,
      "slowest": 0.000028958
    }
  },
  "statusCodeDistribution": {
    "200": 599991
  },
  "errorDistribution": {
    "aborted due to deadline": 1
  }
}