{
  "runs_count": 3,
  "throughput": {
    "avg_rps": 9999.681739695086,
    "min_rps": 9999.630686137682,
    "max_rps": 9999.76312496218
  },
  "latency": {
    "avg_p50_ms": 0.92725,
    "avg_p99_ms": 35.72240266666666
  }
}
